city,homelat,homelon,homecontinent,state
Montréal,45.49253,-73.58068,Canada,Québec
Ottawa,45.4211060,-75.6903080,Canada,Ontario
Ottawa,45.4211060,-75.6903080,Canada,Ontario
Toronto,43.666170,-79.400360,Canada,Ontario
Toronto,43.666170,-79.400360,Canada,Ontario
Toronto,43.666170,-79.400360,Canada,Ontario
Toronto,43.666170,-79.400360,Canada,Ontario
Montréal,45.524790,-73.604750,Canada,Québec
Montréal,45.524790,-73.604750,Canada,Québec
Montréal,45.524790,-73.604750,Canada,Québec
Montréal,45.524790,-73.604750,Canada,Québec
Montréal,45.524790,-73.604750,Canada,Québec
Montréal,45.524790,-73.604750,Canada,Québec
Montréal,45.49524405,-73.57849928292674,Canada,Québec
Montréal,45.49253, -73.58068,Canada,Québec
Montréal,45.49253, -73.58068,Canada,Québec
Montréal,45.524790,-73.604750,Canada,Québec
Montréal,45.49253, -73.58068,Canada,Québec
Montréal,45.49253, -73.58068,Canada,Québec
Montréal,45.49253, -73.58068,Canada,Québec
Montréal,45.49253, -73.58068,Canada,Québec
Montréal,45.524790,-73.604750,Canada,Québec
Montréal,45.524790,-73.604750,Canada,Québec
Montréal,45.524790,-73.604750,Canada,Québec
Ottawa,45.4211060,-75.6903080,Canada,Ontario
Ottawa,45.4211060,-75.6903080,Canada,Ontario
Ottawa,45.4211060,-75.6903080,Canada,Ontario
Ottawa,45.4211060,-75.6903080,Canada,Ontario
Ottawa,45.4211060,-75.6903080,Canada,Ontario
Ottawa,45.4211060,-75.6903080,Canada,Ontario
Ottawa,45.4211060,-75.6903080,Canada,Ontario
Ottawa,45.4211060,-75.6903080,Canada,Ontario
Ottawa,45.4211060,-75.6903080,Canada,Ontario
Ottawa,45.4211060,-75.6903080,Canada,Ontario
Ottawa,45.4211060,-75.6903080,Canada,Ontario
Ottawa,45.4211060,-75.6903080,Canada,Ontario
Ottawa,45.4211060,-75.6903080,Canada,Ontario
Montréal,45.49253, -73.58068,Canada,Québec
Montréal,45.49253, -73.58068,Canada,Québec
Montréal,45.49253, -73.58068,Canada,Québec
Montréal,45.49253, -73.58068,Canada,Québec
Montréal,45.49253, -73.58068,Canada,Québec
Montréal,45.49253, -73.58068,Canada,Québec
Montréal,45.520519,-73.587341,Canada,Québec
Montréal,45.520519,-73.587341,Canada,Québec
Montréal,45.520519,-73.587341,Canada,Québec
Montréal,45.520519,-73.587341,Canada,Québec
Montréal,45.520519,-73.587341,Canada,Québec
Montréal,45.520519,-73.587341,Canada,Québec
Montréal,45.520519,-73.587341,Canada,Québec
Montréal,45.49253, -73.58068,Canada,Québec
Montréal,45.520519,-73.587341,Canada,Québec
Montréal,45.520519,-73.587341,Canada,Québec
Montréal,45.49253, -73.58068,Canada,Québec
Montréal,45.520519,-73.587341,Canada,Québec
Montréal,45.49253, -73.58068,Canada,Québec
Montréal,45.520519,-73.587341,Canada,Québec
Montréal,45.520519,-73.587341,Canada,Québec
Montréal,45.520519,-73.587341,Canada,Québec
Vancouver,49.269860,-123.134220,Canada,British Columbia
Vancouver,49.269860,-123.134220,Canada,British Columbia
Vancouver,49.269860,-123.134220,Canada,British Columbia
Montréal, 45.488682,-73.584259,Canada,Québec
Montréal,45.488682,-73.584259,Canada,Québec
Montréal,45.488682,-73.584259,Canada,Québec
Montréal,45.488682,-73.584259,Canada,Québec
Montréal,45.488682,-73.584259,Canada,Québec
Montréal,45.488682,-73.584259,Canada,Québec
Montréal,45.488682,-73.584259,Canada,Québec
Montréal,45.488682,-73.584259,Canada,Québec
Montréal,45.488682,-73.584259,Canada,Québec
Montréal,45.488682,-73.584259,Canada,Québec
Montréal,45.488682,-73.584259,Canada,Québec
Windsor,42.325140,-82.943060,Canada,Ontario
Windsor,42.325140,-82.943060,Canada,Ontario
Windsor,42.325140,-82.943060,Canada,Ontario
Windsor,42.325140,-82.943060,Canada,Ontario
Windsor,42.325140,-82.943060,Canada,Ontario
Windsor,42.325140,-82.943060,Canada,Ontario
Windsor,42.325140,-82.943060,Canada,Ontario
Montréal,45.497210,-73.578620,Canada,Québec
Montréal,45.497210,-73.578620,Canada,Québec
Calgary,51.04457,-114.069241,Canada,Alberta
Montréal,45.49524405,-73.57849928292674,Canada,Québec
Montréal,45.49524405,-73.57849928292674,Canada,Québec
Montréal,45.540560,-73.612470,Canada,Québec
Montréal,45.540560,-73.612470,Canada,Québec
Calgary,51.04457,-114.069241,Canada,Alberta
Calgary,51.04457,-114.069241,Canada,Alberta
Ottawa,45.443830,-75.611557,Canada,Ontario
Ottawa,45.443830,-75.611557,Canada,Ontario
Ottawa,45.443830,-75.611557,Canada,Ontario
Ottawa,45.443830,-75.611557,Canada,Ontario
Ottawa,45.443830,-75.611557,Canada,Ontario
Ottawa,45.443830,-75.611557,Canada,Ontario
Ottawa,45.443830,-75.611557,Canada,Ontario
Ottawa,45.443830,-75.611557,Canada,Ontario
Ottawa,45.443830,-75.611557,Canada,Ontario
Ottawa,45.443830,-75.611557,Canada,Ontario
Ottawa,45.443830,-75.611557,Canada,Ontario
Ottawa,45.443830,-75.611557,Canada,Ontario
Ottawa,45.443830,-75.611557,Canada,Ontario
Ottawa,45.443830,-75.611557,Canada,Ontario
Ottawa,45.443830,-75.611557,Canada,Ontario
Ottawa,45.443830,-75.611557,Canada,Ontario
Ottawa,45.443830,-75.611557,Canada,Ontario
Montréal,45.49253, -73.58068,Canada,Québec
Montréal,45.49253, -73.58068,Canada,Québec
Montréal,45.49253, -73.58068,Canada,Québec
Montréal,45.49253, -73.58068,Canada,Québec
Montréal,45.49253, -73.58068,Canada,Québec
Montréal,45.49253, -73.58068,Canada,Québec
Montréal,45.49253, -73.58068,Canada,Québec
Ottawa,45.443830,-75.611557,Canada,Ontario
Ottawa,45.443830,-75.611557,Canada,Ontario
Ottawa,45.443830,-75.611557,Canada,Ontario
Ottawa,45.443830,-75.611557,Canada,Ontario
Ottawa,45.443830,-75.611557,Canada,Ontario
Moncton,46.088630,-64.778500,Canada,New Brunswick / Nouveau-Brunswick
Moncton,46.088630,-64.778500,Canada,New Brunswick / Nouveau-Brunswick
Moncton,46.088630,-64.778500,Canada,New Brunswick / Nouveau-Brunswick
Moncton,46.088630,-64.778500,Canada,New Brunswick / Nouveau-Brunswick
Moncton,46.088630,-64.778500,Canada,New Brunswick / Nouveau-Brunswick
Moncton,46.088630,-64.778500,Canada,New Brunswick / Nouveau-Brunswick
Moncton,46.088630,-64.778500,Canada,New Brunswick / Nouveau-Brunswick
Moncton,46.088630,-64.778500,Canada,New Brunswick / Nouveau-Brunswick
Moncton,46.088630,-64.778500,Canada,New Brunswick / Nouveau-Brunswick
Moncton,46.088630,-64.778500,Canada,New Brunswick / Nouveau-Brunswick
Montréal,45.537430,-73.613340,Canada,Québec
Montréal,45.537430,-73.613340,Canada,Québec
Montréal,45.537430,-73.613340,Canada,Québec
Montréal,45.537430,-73.613340,Canada,Québec
Toronto,43.647900,-79.395020,Canada,Ontario
Toronto,43.647900,-79.395020,Canada,Ontario
Toronto,43.647900,-79.395020,Canada,Ontario
Toronto,43.647900,-79.395020,Canada,Ontario
Toronto,43.647900,-79.395020,Canada,Ontario
Toronto,43.647900,-79.395020,Canada,Ontario
Montréal,45.49253, -73.58068,Canada,Québec
Montréal,45.49253, -73.58068,Canada,Québec
Montréal,45.49253, -73.58068,Canada,Québec
Montréal,45.49253, -73.58068,Canada,Québec
Montréal,45.49253, -73.58068,Canada,Québec
Montréal,45.49253, -73.58068,Canada,Québec
Montréal,45.49253, -73.58068,Canada,Québec
Montréal,45.49253, -73.58068,Canada,Québec
Montréal,45.49253, -73.58068,Canada,Québec
Montréal,45.49253, -73.58068,Canada,Québec
Montréal,45.49253, -73.58068,Canada,Québec
Montréal,45.49253, -73.58068,Canada,Québec
Toronto,43.647900,-79.395020,Canada,Ontario
Toronto,43.647900,-79.395020,Canada,Ontario
Toronto,43.647900,-79.395020,Canada,Ontario
Toronto,43.647900,-79.395020,Canada,Ontario
Toronto,43.647900,-79.395020,Canada,Ontario
Toronto,43.647900,-79.395020,Canada,Ontario
Toronto,43.647900,-79.395020,Canada,Ontario
Toronto,43.647900,-79.395020,Canada,Ontario
London,42.98429,-81.24606,Canada,Ontario
London,42.98429,-81.24606,Canada,Ontario
London,42.98429,81.24606,中国,新疆维吾尔自治区
London,42.98429,-81.24606,Canada,Ontario
London,42.98429,-81.24606,Canada,Ontario
London,42.98429,-81.24606,Canada,Ontario
London,42.98429,-81.24606,Canada,Ontario
London,42.98429,-81.24606,Canada,Ontario
London,42.98429,-81.24606,Canada,Ontario
London,42.98429,-81.24606,Canada,Ontario
London,42.98429,-81.24606,Canada,Ontario
London,42.98429,-81.24606,Canada,Ontario
London,42.98429,-81.24606,Canada,Ontario
London,42.98429,-81.24606,Canada,Ontario
London,42.98429,-81.24606,Canada,Ontario
London,42.98429,-81.24606,Canada,Ontario
London,42.98429,-81.24606,Canada,Ontario
London,42.98429,-81.24606,Canada,Ontario
London,42.98429,-81.24606,Canada,Ontario
London,42.98429,-81.24606,Canada,Ontario
London,42.98429,-81.24606,Canada,Ontario
London,42.98429,-81.24606,Canada,Ontario
London,42.98429,-81.24606,Canada,Ontario
London,42.98429,-81.24606,Canada,Ontario
London,42.98429,-81.24606,Canada,Ontario
London,42.98429,-81.24606,Canada,Ontario
Montréal,45.48871,-73.58429,Canada,Québec
Montréal,45.48871,-73.58429,Canada,Québec
Montréal,45.48871,-73.58429,Canada,Québec
Montréal,45.48871,-73.58429,Canada,Québec
Montréal,45.48871,-73.58429,Canada,Québec
Montréal,45.48871,-73.58429,Canada,Québec
Montréal,45.48871,-73.58429,Canada,Québec
Montréal,45.48871,-73.58429,Canada,Québec
Montréal,45.48871,-73.58429,Canada,Québec
Montréal,45.48871,-73.58429,Canada,Québec
Montréal,45.48871,-73.58429,Canada,Québec
Montréal,45.48871,-73.58429,Canada,Québec
Montréal,45.48871,-73.58429,Canada,Québec
Montréal,45.48871,-73.58429,Canada,Québec
Montréal,45.48871,-73.58429,Canada,Québec
Montréal,45.48871,-73.58429,Canada,Québec
Montréal,45.48871,-73.58429,Canada,Québec
Montréal,45.48871,-73.58429,Canada,Québec
Montréal,45.532580,-73.601890,Canada,Québec
Montréal,45.532580,-73.601890,Canada,Québec
Montréal,45.532580,-73.601890,Canada,Québec
Montréal,45.532580,-73.601890,Canada,Québec
Victoria,48.425930,-123.364320,Canada,British Columbia
Victoria,48.425930,-123.364320,Canada,British Columbia
Victoria,48.425930,-123.364320,Canada,British Columbia
Victoria,48.425930,-123.364320,Canada,British Columbia
Victoria,48.425930,-123.364320,Canada,British Columbia
Victoria,48.425930,-123.364320,Canada,British Columbia
Victoria,48.425930,-123.364320,Canada,British Columbia
Victoria,48.425930,-123.364320,Canada,British Columbia
Victoria,48.425930,-123.364320,Canada,British Columbia
Victoria,48.425930,-123.364320,Canada,British Columbia
Victoria,48.425930,-123.364320,Canada,British Columbia
Victoria,48.425930,-123.364320,Canada,British Columbia
Victoria,48.425930,-123.364320,Canada,British Columbia
Victoria,48.425930,-123.364320,Canada,British Columbia
Victoria,48.425930,-123.364320,Canada,British Columbia
Victoria,48.425930,-123.364320,Canada,British Columbia
Victoria,48.425930,-123.364320,Canada,British Columbia
Victoria,48.425930,-123.364320,Canada,British Columbia
Victoria,48.425930,-123.364320,Canada,British Columbia
Victoria,48.425930,-123.364320,Canada,British Columbia
Victoria,48.425930,-123.364320,Canada,British Columbia
Victoria,48.425930,-123.364320,Canada,British Columbia
Victoria,48.425930,-123.364320,Canada,British Columbia
Victoria,48.425930,-123.364320,Canada,British Columbia
Victoria,48.425930,-123.364320,Canada,British Columbia
Victoria,48.425930,-123.364320,Canada,British Columbia
Victoria,48.425930,-123.364320,Canada,British Columbia
Victoria,48.425930,-123.364320,Canada,British Columbia
Victoria,48.425930,-123.364320,Canada,British Columbia
Victoria,48.425930,-123.364320,Canada,British Columbia
Victoria,48.425930,-123.364320,Canada,British Columbia
Victoria,48.425930,-123.364320,Canada,British Columbia
呼伦贝尔市, 48.425930,123.364320,中国,内蒙古自治区
Victoria,48.425930,-123.364320,Canada,British Columbia
Victoria,48.425930,-123.364320,Canada,British Columbia
Victoria,48.425930,-123.364320,Canada,British Columbia
Victoria,48.425930,-123.364320,Canada,British Columbia
Victoria,48.425930,-123.364320,Canada,British Columbia
Victoria,48.425930,-123.364320,Canada,British Columbia
Victoria,48.425930,-123.364320,Canada,British Columbia
Victoria,48.425930,-123.364320,Canada,British Columbia
Victoria,48.425930,-123.364320,Canada,British Columbia
Victoria,48.425930,-123.364320,Canada,British Columbia
Victoria,48.425930,-123.364320,Canada,British Columbia
Victoria,48.425930,-123.364320,Canada,British Columbia
Victoria,48.425930,-123.364320,Canada,British Columbia
Victoria,48.425930,-123.364320,Canada,British Columbia
Toronto,43.6652187,-79.3805890,Canada,Ontario
Toronto,43.6652187,-79.3805890,Canada,Ontario
Toronto,43.6652187,-79.3805890,Canada,Ontario
Toronto,43.6652187,-79.3805890,Canada,Ontario
Toronto,43.6652187,-79.3805890,Canada,Ontario
Toronto,43.6652187,-79.3805890,Canada,Ontario
Toronto,43.6652187,-79.3805890,Canada,Ontario
Toronto,43.6652187,-79.3805890,Canada,Ontario
Toronto,43.6652187,-79.3805890,Canada,Ontario
Toronto,43.6652187,-79.3805890,Canada,Ontario
Toronto,43.6652187,-79.3805890,Canada,Ontario
Toronto,43.6652187,-79.3805890,Canada,Ontario
Toronto,43.6652187,-79.3805890,Canada,Ontario
Toronto,43.6652187,-79.3805890,Canada,Ontario
Toronto,43.6652187,-79.3805890,Canada,Ontario
Toronto,43.6652187,-79.3805890,Canada,Ontario
Toronto,43.6652187,-79.3805890,Canada,Ontario
Toronto,43.6652187,-79.3805890,Canada,Ontario
Toronto,43.6652187,-79.3805890,Canada,Ontario
Toronto,43.6652187,-79.3805890,Canada,Ontario
Toronto,43.6652187,-79.3805890,Canada,Ontario
Toronto,43.6652187,-79.3805890,Canada,Ontario
Toronto,43.6652187,-79.3805890,Canada,Ontario
Toronto,43.6652187,-79.3805890,Canada,Ontario
Toronto,43.6652187,-79.3805890,Canada,Ontario
Toronto,43.6652187,-79.3805890,Canada,Ontario
Toronto,43.6652187,-79.3805890,Canada,Ontario
Toronto,43.6652187,-79.3805890,Canada,Ontario
Toronto,43.6652187,-79.3805890,Canada,Ontario
Toronto,43.6652187,-79.3805890,Canada,Ontario
Toronto,43.6652187,-79.3805890,Canada,Ontario
Toronto,43.6652187,-79.3805890,Canada,Ontario
Toronto,43.6652187,-79.3805890,Canada,Ontario
Toronto,43.6652187,-79.3805890,Canada,Ontario
Toronto,43.6652187, -79.3805890,Canada,Ontario
Toronto,43.6652187,-79.3805890,Canada,Ontario
Toronto,43.6652187,-79.3805890,Canada,Ontario
Toronto,43.6652187,-79.3805890,Canada,Ontario
Toronto,43.6652187,-79.3805890,Canada,Ontario
Toronto,43.6652187,-79.3805890,Canada,Ontario
Toronto,43.6652187,-79.3805890,Canada,Ontario
Toronto,43.6652187,-79.3805890,Canada,Ontario
Toronto,43.6652187,-79.3805890,Canada,Ontario
Toronto,43.6652187,-79.3805890,Canada,Ontario
Toronto,43.6652187,43.6652187,Россия,Кабардино-Балкария
Toronto,43.6652187,-79.3805890,Canada,Ontario
Montréal,45.52471,-73.60478,Canada,Québec
Montréal,45.52471,-73.60478,Canada,Québec
Montréal,45.52471,-73.60478,Canada,Québec
Montréal,45.52471,-73.60478,Canada,Québec
Montréal,45.52471 ,-73.60478,Canada,Québec
Montréal,45.52471,-73.60478,Canada,Québec
Montréal,45.52471,-73.60478,Canada,Québec
Montréal,45.52471, -73.60478,Canada,Québec
Montréal,45.52471,-73.60478,Canada,Québec
Montréal,45.52471,-73.60478,Canada,Québec
Montréal,45.538750,-73.608530,Canada,Québec
Montréal,45.52471,-73.60478,Canada,Québec
Montréal,45.52471,-73.60478,Canada,Québec
Montréal,45.52471,-73.60478,Canada,Québec
Montréal,45.538750,-73.608530,Canada,Québec
Montréal,45.52471,-73.60478,Canada,Québec
Montréal,45.52471,-73.60478,Canada,Québec
Montréal,45.538750, -73.608530,Canada,Québec
Montréal,45.52471,-73.60478,Canada,Québec
Halifax,44.646020,-63.573690,Canada,Nova Scotia
Montréal,45.52471,-73.60478,Canada,Québec
Montréal,45.52471,-73.60478,Canada,Québec
Montréal,45.538750,-73.608530,Canada,Québec
Montréal,45.52471,-73.60478,Canada,Québec
Montréal,45.538750,-73.608530,Canada,Québec
Montréal, 45.538750,-73.608530,Canada,Québec
Montréal,45.538750, -73.608530,Canada,Québec
Montréal,45.538750,-73.608530,Canada,Québec
Montréal,45.52471, -73.60478,Canada,Québec
Montréal,45.52471,-73.60478,Canada,Québec
Montréal,45.52471,-73.60478,Canada,Québec
Montréal,45.52471,-73.60478,Canada,Québec
Montréal,45.52471,-73.60478,Canada,Québec
Montréal,45.52471,-73.60478,Canada,Québec
Montréal,45.52471,-73.60478,Canada,Québec
Montréal,45.52471,-73.60478,Canada,Québec
Montréal,45.52471,-73.60478,Canada,Québec
Montréal,45.52471,-73.60478,Canada,Québec
Montréal,45.52471,-73.60478,Canada,Québec
Montréal,45.52471,-73.60478,Canada,Québec
Montréal,45.52471,-73.60478,Canada,Québec
Montréal,45.52471,-73.60478,Canada,Québec
Montréal,45.52471,-73.60478,Canada,Québec
Montréal,45.52471,-73.60478,Canada,Québec
Montréal,45.52471,-73.60478,Canada,Québec
Montréal,45.52471, -73.60478,Canada,Québec
Montréal,45.52471,-73.60478,Canada,Québec
Montréal,45.52471,-73.60478,Canada,Québec
Montréal,45.52471,-73.60478,Canada,Québec
Montréal,45.52471,-73.60478,Canada,Québec
Montréal,45.52471,-73.60478,Canada,Québec
Montréal,45.52471,-73.60478,Canada,Québec
Montréal,45.52471,-73.60478,Canada,Québec
Montréal,45.52471,-73.60478,Canada,Québec
Montréal,45.52471,-73.60478,Canada,Québec
Montréal,45.52471,-73.60478,Canada,Québec
Montréal,45.52471,-73.60478,Canada,Québec
Montréal,45.52471,-73.60478,Canada,Québec
Montréal,45.52471,-73.60478,Canada,Québec
Montréal,45.52471,-73.60478,Canada,Québec
Montréal,45.52471,-73.60478,Canada,Québec
Montréal,45.52471,-73.60478,Canada,Québec
Montréal,45.52471,-73.60478,Canada,Québec
Montréal,45.52471,-73.60478,Canada,Québec
Montréal,45.52471,-73.60478,Canada,Québec
Montréal,45.52471,-73.60478,Canada,Québec
Montréal,45.52471,-73.60478,Canada,Québec
Montréal,45.52471,-73.60478,Canada,Québec
Montréal,45.52471,-73.60478,Canada,Québec
Montréal,45.52471,-73.60478,Canada,Québec
Montréal,45.52471,-73.60478,Canada,Québec
Montréal,45.52471,-73.60478,Canada,Québec
Montréal,45.52471,-73.60478,Canada,Québec
Montréal,45.52471,-73.60478,Canada,Québec
Montréal, 45.52471,-73.60478,Canada,Québec
Montréal,45.52471,-73.60478,Canada,Québec
Montréal,45.52471,-73.60478,Canada,Québec
Montréal,45.52471,-73.60478,Canada,Québec
Montréal,45.52471,-73.60478,Canada,Québec
Montréal,45.52471,-73.60478,Canada,Québec
Montréal,45.52471,-73.60478,Canada,Québec
Montréal,45.52471,-73.60478,Canada,Québec
Montréal,45.52471,-73.60478,Canada,Québec
Montréal,45.52471,-73.60478,Canada,Québec
Montréal,45.52471,-73.60478,Canada,Québec
Montréal,45.52471,-73.60478,Canada,Québec
Montréal,45.52471,-73.60478,Canada,Québec
Montréal,45.52471,-73.60478,Canada,Québec
Montréal,45.52471,-73.60478,Canada,Québec
Montréal,45.52471,-73.60478,Canada,Québec
Montréal,45.52471,-73.60478,Canada,Québec
Montréal,45.52471,-73.60478,Canada,Québec
Montréal,45.52471,-73.60478,Canada,Québec
Montréal,45.52471,-73.60478,Canada,Québec
Area F (Alberni Highway),49.332280,-124.493850,Canada,British Columbia
Area F (Alberni Highway),49.332280,-124.493850,Canada,British Columbia
Area F (Alberni Highway),49.332280, -124.493850,Canada,British Columbia
Area F (Alberni Highway),49.332280,-124.493850,Canada,British Columbia
Area F (Alberni Highway),49.332280, -124.493850,Canada,British Columbia
Area F (Alberni Highway),49.332280,-124.493850,Canada,British Columbia
Area F (Alberni Highway),49.332280,-124.493850,Canada,British Columbia
Area F (Alberni Highway),49.332280,-124.493850,Canada,British Columbia
Area F (Alberni Highway),49.332280, -124.493850,Canada,British Columbia
Area F (Alberni Highway),49.332280,-124.493850,Canada,British Columbia
Montréal,45.52471,-73.60478,Canada,Québec
Montréal,45.52471,-73.60478,Canada,Québec
Montréal,45.52471,-73.60478,Canada,Québec
Montréal,45.52471,-73.60478,Canada,Québec
Montréal,45.52471,-73.60478,Canada,Québec
Montréal,45.52471,-73.60478,Canada,Québec
Montréal,45.52471,-73.60478,Canada,Québec
Montréal,45.52471,-73.60478,Canada,Québec
Montréal,45.52471,-73.60478,Canada,Québec
Montréal,45.52471,-73.60478,Canada,Québec
Area F (Alberni Highway),49.332280,-124.493850,Canada,British Columbia
Montréal,45.52471,-73.60478,Canada,Québec
Montréal,45.52471,-73.60478,Canada,Québec
Area F (Alberni Highway),49.332280,-124.493850,Canada,British Columbia
Montréal,45.52471,-73.60478,Canada,Québec
Montréal,45.52471,-73.60478,Canada,Québec
Montréal,45.52471,-73.60478,Canada,Québec
Area F (Alberni Highway),49.332280,-124.493850,Canada,British Columbia
Area F (Alberni Highway),49.332280,-124.493850,Canada,British Columbia
Montréal,45.52471,-73.60478,Canada,Québec
Area F (Alberni Highway),49.332280,-124.493850,Canada,British Columbia
Montréal,45.52471,-73.60478,Canada,Québec
Montréal,45.52471,-73.60478,Canada,Québec
Area F (Alberni Highway),49.332280,-124.493850,Canada,British Columbia
Area F (Alberni Highway),49.332280,-124.493850,Canada,British Columbia
Montréal,45.49253, -73.58068,Canada,Québec
Montréal,45.49253,-73.58068,Canada,Québec
Montréal,45.52471,-73.60478,Canada,Québec
Montréal,45.52471,-73.60478,Canada,Québec
Montréal,45.52471,-73.60478,Canada,Québec
Montréal,45.52471,-73.60478,Canada,Québec
Montréal,45.52471,-73.60478,Canada,Québec
Montréal,45.52471,-73.60478,Canada,Québec
Victoria,48.4178271,-123.3723004,Canada,British Columbia
Victoria,48.4178271,-123.3723004,Canada,British Columbia
Victoria,48.4178271,-123.3723004,Canada,British Columbia
Victoria,48.4178271,-123.3723004,Canada,British Columbia
Victoria,48.4178271,-123.3723004,Canada,British Columbia
Victoria,48.4178271,-123.3723004,Canada,British Columbia
Victoria,48.4178271,-123.3723004,Canada,British Columbia
Victoria,48.4178271,-123.3723004,Canada,British Columbia
Victoria,48.4178271,-123.3723004,Canada,British Columbia
Vancouver,49.23524,-123.10200,Canada,British Columbia
Vancouver,49.23524,-123.10200,Canada,British Columbia
Vancouver,49.23524,-123.10200,Canada,British Columbia
Vancouver,49.23524,-123.10200,Canada,British Columbia
Vancouver,49.23524,-123.10200,Canada,British Columbia
Vancouver,49.23524,-123.10200,Canada,British Columbia
Vancouver,49.23524,-123.10200,Canada,British Columbia
Vancouver,49.23524,-123.10200,Canada,British Columbia
Vancouver,49.23524,-123.10200,Canada,British Columbia
Vancouver,49.23524,-123.10200,Canada,British Columbia
Vancouver,49.23524,-123.10200,Canada,British Columbia
Vancouver,49.23524,-123.10200,Canada,British Columbia
Vancouver,49.23524,-123.10200,Canada,British Columbia
Vancouver,49.23524,-123.10200,Canada,British Columbia
Vancouver,49.23524,-123.10200,Canada,British Columbia
Vancouver,49.23524,-123.10200,Canada,British Columbia
Vancouver,49.23524,-123.10200,Canada,British Columbia
Vancouver,49.23524,-123.10200,Canada,British Columbia
Vancouver,49.23524,-123.10200,Canada,British Columbia
Vancouver,49.23524,-123.10200,Canada,British Columbia
Vancouver,49.23524,-123.10200,Canada,British Columbia
Vancouver,49.23524,-123.10200,Canada,British Columbia
Vancouver,49.23524,-123.10200,Canada,British Columbia
Vancouver,49.23524,-123.10200,Canada,British Columbia
Vancouver,49.23524,-123.10200,Canada,British Columbia
Vancouver,49.23524,-123.10200,Canada,British Columbia
Vancouver,49.23524,-123.10200,Canada,British Columbia
Vancouver,49.23524,-123.10200,Canada,British Columbia
Vancouver,49.23524,-123.10200,Canada,British Columbia
Vancouver,49.23524,-123.10200,Canada,British Columbia
Vancouver,49.23524,-123.10200,Canada,British Columbia
Vancouver,49.23524,-123.10200,Canada,British Columbia
Vancouver,49.23524,-123.10200,Canada,British Columbia
Vancouver,49.23524,-123.10200,Canada,British Columbia
Vancouver,49.23524,-123.10200,Canada,British Columbia
Vancouver,49.23524,-123.10200,Canada,British Columbia
Vancouver,49.23524,-123.10200,Canada,British Columbia
Vancouver,49.23524,-123.10200,Canada,British Columbia
Vancouver,49.23524,-123.10200,Canada,British Columbia
Vancouver,49.23524,-123.10200,Canada,British Columbia
Vancouver,49.23524,-123.10200,Canada,British Columbia
Vancouver,49.23524,-123.10200,Canada,British Columbia
Vancouver,49.23524,-123.10200,Canada,British Columbia
Vancouver,49.23524,-123.10200,Canada,British Columbia
Vancouver,49.23524,-123.10200,Canada,British Columbia
Vancouver,49.23524,-123.10200,Canada,British Columbia
Vancouver,49.23524,-123.10200,Canada,British Columbia
Vancouver,49.23524,-123.10200,Canada,British Columbia
Vancouver,49.23524,-123.10200,Canada,British Columbia
Vancouver,49.23524,-123.10200,Canada,British Columbia
Vancouver,49.23524,-123.10200,Canada,British Columbia
Vancouver,49.23524,-123.10200,Canada,British Columbia
Vancouver,49.23524,-123.10200,Canada,British Columbia
Vancouver,49.23524,-123.10200,Canada,British Columbia
Vancouver,49.23524,-123.10200,Canada,British Columbia
Vancouver,49.23524,-123.10200,Canada,British Columbia
Vancouver,49.23524,-123.10200,Canada,British Columbia
Kingston,44.22146,-76.51031,Canada,Ontario
Kingston,44.22146,-76.51031,Canada,Ontario
Kingston,44.22146,-76.51031,Canada,Ontario
Kingston,44.22146,-76.51031,Canada,Ontario
Kingston,44.22146,-76.51031,Canada,Ontario
Kingston,44.22146,-76.51031,Canada,Ontario
Kingston,44.22146,-76.51031,Canada,Ontario
Toronto,43.63919,-79.38306,Canada,Ontario
Toronto,43.63919,-79.38306,Canada,Ontario
Toronto,43.63919,-79.38306,Canada,Ontario
Toronto,43.63919,-79.38306,Canada,Ontario
Toronto,43.63919,-79.38306,Canada,Ontario
Toronto,43.63919,-79.38306,Canada,Ontario
Toronto,43.63919,-79.38306,Canada,Ontario
Toronto,43.63919,-79.38306,Canada,Ontario
Toronto,43.63919,-79.38306,Canada,Ontario
Toronto,43.63919,-79.38306,Canada,Ontario
Toronto,43.63919,-79.38306,Canada,Ontario
Toronto,43.63919,-79.38306,Canada,Ontario
Toronto,43.63919,-79.38306,Canada,Ontario
Toronto,43.63919,-79.38306,Canada,Ontario
Toronto,43.63919,-79.38306,Canada,Ontario
Toronto,43.63919,-79.38306,Canada,Ontario
Toronto,43.63919,-79.38306,Canada,Ontario
Toronto,43.63919,-79.38306,Canada,Ontario
Toronto,43.63919,-79.38306,Canada,Ontario
Toronto,43.63919,-79.38306,Canada,Ontario
Toronto,43.63919,-79.38306,Canada,Ontario
Toronto,43.63919,-79.38306,Canada,Ontario
Toronto,43.63919,-79.38306,Canada,Ontario
Toronto,43.63919,-79.38306,Canada,Ontario
Toronto,43.63919,-79.38306,Canada,Ontario
Toronto,43.63919,-79.38306,Canada,Ontario
Toronto,43.63919,-79.38306,Canada,Ontario
Toronto,43.63919,-79.38306,Canada,Ontario
Toronto,43.63919,-79.38306,Canada,Ontario
Toronto,43.63919,-79.38306,Canada,Ontario
Toronto,43.63919,-79.38306,Canada,Ontario
Toronto,43.63919,-79.38306,Canada,Ontario
Toronto,43.63919,-79.38306,Canada,Ontario
Toronto,43.63919,-79.38306,Canada,Ontario
Toronto,43.63919,-79.38306,Canada,Ontario
Toronto,43.63919,-79.38306,Canada,Ontario
Toronto,43.63919,-79.38306,Canada,Ontario
Toronto,43.63919,-79.38306,Canada,Ontario
Toronto,43.63919,-79.38306,Canada,Ontario
Toronto,43.63919,-79.38306,Canada,Ontario
Toronto,43.63919,-79.38306,Canada,Ontario
Toronto,43.63919,-79.38306,Canada,Ontario
Toronto,43.63919,-79.38306,Canada,Ontario
Toronto,43.63919,-79.38306,Canada,Ontario
Toronto,43.63919,-79.38306,Canada,Ontario
Toronto,43.63919,-79.38306,Canada,Ontario
Toronto,43.63919,-79.38306,Canada,Ontario
Toronto,43.63919,-79.38306,Canada,Ontario
Toronto,43.63919,-79.38306,Canada,Ontario
Toronto,43.63919,-79.38306,Canada,Ontario
Toronto,43.63919,-79.38306,Canada,Ontario
Toronto,43.63919,-79.38306,Canada,Ontario
Toronto,43.63919,-79.38306,Canada,Ontario
Toronto,43.63919,-79.38306,Canada,Ontario
Toronto,43.63919,-79.38306,Canada,Ontario
Toronto,43.63919,-79.38306,Canada,Ontario
Toronto,43.63919,-79.38306,Canada,Ontario
Toronto,43.63919,-79.38306,Canada,Ontario
Toronto,43.63919,-79.38306,Canada,Ontario
Toronto,43.63919,-79.38306,Canada,Ontario
Toronto,43.63919,-79.38306,Canada,Ontario
Toronto,43.63919,-79.38306,Canada,Ontario
Toronto,43.63919,-79.38306,Canada,Ontario
Toronto,43.63919,-79.38306,Canada,Ontario
Toronto,43.63919,-79.38306,Canada,Ontario
Toronto,43.63919,-79.38306,Canada,Ontario
Toronto,43.63919,-79.38306,Canada,Ontario
Toronto,43.63919,-79.38306,Canada,Ontario
Toronto,43.63919,-79.38306,Canada,Ontario
Toronto,43.63919,-79.38306,Canada,Ontario
Toronto,43.63919,-79.38306 ,Canada,Ontario
Windsor,42.3170990,-83.0353434,Canada,Ontario
Windsor,42.3170990,-83.0353434,Canada,Ontario
Toronto,43.6652187,-79.3805890,Canada,Ontario
Toronto,43.6652187,-79.3805890,Canada,Ontario
Toronto,43.6652187,-79.3805890,Canada,Ontario
Toronto,43.6652187,-79.3805890,Canada,Ontario
Toronto,43.63919,-79.38306,Canada,Ontario
Toronto,43.63919,-79.38306,Canada,Ontario
Toronto,43.63919,-79.38306,Canada,Ontario
Toronto,43.63919,-79.38306,Canada,Ontario
Toronto,43.63919,-79.38306,Canada,Ontario
Toronto,43.63919,-79.38306,Canada,Ontario
Toronto,43.63919,-79.38306,Canada,Ontario
Toronto,43.63919,-79.38306,Canada,Ontario
Toronto,43.63919,-79.38306,Canada,Ontario
Toronto,43.63919,-79.38306,Canada,Ontario
Toronto,43.6652187,-79.3805890,Canada,Ontario
Toronto,43.6652187,-79.3805890,Canada,Ontario
Toronto,43.6652187,-79.3805890,Canada,Ontario
Toronto,43.6652187,-79.3805890,Canada,Ontario
Toronto,43.77409,-79.49302,Canada,Ontario
Thunder Bay,48.37159,-89.27975,Canada,Ontario
Thunder Bay,48.37159,-89.27975,Canada,Ontario
Thunder Bay,48.37159,-89.27975,Canada,Ontario
Thunder Bay,48.37159,-89.27975,Canada,Ontario
Thunder Bay,48.37188,48.37159,Қазақстан,Западно-Казахстанская область
Thunder Bay,48.37159,-89.27975,Canada,Ontario
Thunder Bay,48.37159,-89.27975,Canada,Ontario
Thunder Bay,48.37159,-89.27975,Canada,Ontario
Thunder Bay,48.37159,-89.27975,Canada,Ontario
Thunder Bay,48.37159,-89.27975,Canada,Ontario
Thunder Bay,48.37159,-89.27975,Canada,Ontario
Thunder Bay,48.37159,-89.27975,Canada,Ontario
Thunder Bay,48.37159,-89.27975,Canada,Ontario
Thunder Bay,48.37159,-89.27975,Canada,Ontario
Thunder Bay,48.37159,-89.27975,Canada,Ontario
Thunder Bay,48.37159,-89.27975,Canada,Ontario
Thunder Bay,48.37159,-89.27975,Canada,Ontario
Thunder Bay,48.37159,-89.27975,Canada,Ontario
Thunder Bay,48.37159,-89.27975,Canada,Ontario
Thunder Bay,48.37159,-89.27975,Canada,Ontario
Thunder Bay,48.37159,-89.27975,Canada,Ontario
Thunder Bay,48.37159,-89.27975,Canada,Ontario
Thunder Bay,48.37159,-89.27975,Canada,Ontario
Thunder Bay,48.37159,-89.27975,Canada,Ontario
Thunder Bay,48.37159,-89.27975,Canada,Ontario
Thunder Bay,48.37159,-89.27975,Canada,Ontario
Toronto,43.63919,-79.38306,Canada,Ontario
Toronto,43.63919,-79.38306,Canada,Ontario
Toronto,43.63919,-79.38306,Canada,Ontario
Toronto,43.63919,-79.38306,Canada,Ontario
Toronto,43.63919,-79.38306,Canada,Ontario
Thunder Bay,48.37159,-89.27975,Canada,Ontario
Thunder Bay,48.37159,-89.27975,Canada,Ontario
Thunder Bay,44.88571,-81.08085,Canada,Ontario
Thunder Bay,44.88571,-81.08085,Canada,Ontario
Toronto,43.63919,-79.38306,Canada,Ontario
Toronto,43.63919,-79.38306,Canada,Ontario
Toronto,43.63919,-79.38306,Canada,Ontario
Toronto,43.63919,-79.38306,Canada,Ontario
Toronto,43.63919,-79.38306,Canada,Ontario
Toronto,46.52262,-61.05652,Canada,Nova Scotia
Toronto,46.52262,-61.05652,Canada,Nova Scotia
Toronto,46.52262,-61.05652,Canada,Nova Scotia
Toronto,46.52262,-61.05652,Canada,Nova Scotia
Toronto,46.52262,-61.05652,Canada,Nova Scotia
Toronto,46.52262,-61.05652,Canada,Nova Scotia
Toronto,46.52262,-61.05652,Canada,Nova Scotia
Toronto,46.52262,-61.05652,Canada,Nova Scotia
Toronto,46.52262,-61.05652,Canada,Nova Scotia
St-Eustache,45.5573,-73.8954,Canada,Québec
Toronto,43.63919,-79.38306,Canada,Ontario
Toronto,43.63919,-79.38306,Canada,Ontario
Toronto,43.63919,-79.38306,Canada,Ontario
Toronto,43.63919,-79.38306,Canada,Ontario
Toronto,43.63919,-79.38306,Canada,Ontario
St-Eustache,45.5573,-73.8954,Canada,Québec
St-Eustache,45.5573,-73.8954,Canada,Québec
St-Eustache,45.5573,-73.8954,Canada,Québec
St-Eustache,45.5573,-73.8954,Canada,Québec
St-Eustache,45.5573,-73.8954,Canada,Québec
Toronto,43.63919,-79.38306,Canada,Ontario
Toronto,43.63919,-79.38306,Canada,Ontario
Toronto,43.63919,-79.38306,Canada,Ontario
Toronto,43.63919,-79.38306,Canada,Ontario
Toronto,43.63919,-79.38306,Canada,Ontario
Toronto,43.63919,-79.38306,Canada,Ontario
Toronto,43.63919,-79.38306,Canada,Ontario
Toronto,43.63919,-79.38306,Canada,Ontario
Toronto,43.63919,-79.38306,Canada,Ontario
Toronto,43.63919,-79.38306,Canada,Ontario
Toronto,43.63919,-79.38306 ,Canada,Ontario
Toronto,43.63919,-79.38306,Canada,Ontario
Toronto,43.63919,-79.38306,Canada,Ontario
Toronto,43.63919,-79.38306,Canada,Ontario
Toronto,43.63919,-79.38306,Canada,Ontario
Toronto,43.63919,-79.38306,Canada,Ontario
Toronto,43.63919,-79.38306,Canada,Ontario
Toronto,43.63919,-79.38306,Canada,Ontario
Toronto,43.63919,-79.38306,Canada,Ontario
Toronto,43.63919,-79.38306,Canada,Ontario
Toronto,43.63919,-79.38306,Canada,Ontario
Toronto,43.63919,-79.38306,Canada,Ontario
Toronto,43.63919,-79.38306,Canada,Ontario
Toronto,43.63919,-79.38306,Canada,Ontario
Toronto,43.63919,-79.38306,Canada,Ontario
Toronto,43.63919,-79.38306,Canada,Ontario
St-Eustache,45.5573,-73.8954,Canada,Québec
St-Eustache,45.5573,-73.8954,Canada,Québec
St-Eustache,45.5573,-73.8954,Canada,Québec
St-Eustache,45.5573,-73.8954,Canada,Québec
Toronto,43.64855,-79.39212,Canada,Ontario
Toronto,43.64855,-79.39212,Canada,Ontario
Toronto,43.64855,-79.39212,Canada,Ontario
Toronto,43.64855,-79.39212,Canada,Ontario
Toronto,43.64855,-79.39212,Canada,Ontario
Toronto,43.64855,-79.39212,Canada,Ontario
Toronto,43.64855,-79.39212,Canada,Ontario
Regina,50.4558491,-104.6244141,Canada,Saskatchewan
Toronto,43.63919,-79.38306,Canada,Ontario
Toronto,43.63919,-79.38306,Canada,Ontario
Toronto,43.63919,-79.38306,Canada,Ontario
Toronto,43.63919,-79.38306,Canada,Ontario
Toronto,43.63919,-79.38306,Canada,Ontario
Toronto,43.63919,-79.38306,Canada,Ontario
Toronto,43.63919,-79.38306,Canada,Ontario
Toronto,43.63919,-79.38306,Canada,Ontario
Toronto,43.63919,-79.38306,Canada,Ontario
Toronto,43.63919,-79.38306,Canada,Ontario
Regina,50.4558491,-104.6244141,Canada,Saskatchewan
Regina,50.4558491,-104.6244141,Canada,Saskatchewan
Toronto,43.63919,-79.38306,Canada,Ontario
Toronto,43.63919,-79.38306,Canada,Ontario
Toronto,43.63919,-79.38306,Canada,Ontario
Toronto,43.63919,-79.38306,Canada,Ontario
Toronto,43.63919,-79.38306,Canada,Ontario
Toronto,43.63919,-79.38306,Canada,Ontario
Toronto,43.63919,-79.38306,Canada,Ontario
Toronto,43.63919,-79.38306,Canada,Ontario
Toronto,43.63919,-79.38306,Canada,Ontario
Toronto,43.63919,-79.38306,Canada,Ontario
Toronto,43.63919,-79.38306,Canada,Ontario
Toronto,43.63919,-79.38306,Canada,Ontario
Toronto,43.63919,-79.38306,Canada,Ontario
Toronto,43.63919,-79.38306,Canada,Ontario
Toronto,43.63919,-79.38306,Canada,Ontario
Toronto,43.63919,-79.38306,Canada,Ontario
Regina,50.4558491,-104.6244141,Canada,Saskatchewan
Regina,50.4558491,-104.6244141,Canada,Saskatchewan
Regina,50.4558491,-104.6244141,Canada,Saskatchewan
Regina,50.4558491,-104.6244141,Canada,Saskatchewan
Regina,50.4558491,-104.6244141,Canada,Saskatchewan
Regina,50.4558491,-104.6244141,Canada,Saskatchewan
Calgary,51.04049,-114.07151,Canada,Alberta
Calgary,51.04049,-114.07151,Canada,Alberta
Calgary,51.04049,-114.07151,Canada,Alberta
